<?xml version="1.0" encoding="UTF-8"?>
 <digest>
<feature label="UCDetector" provider-name="Jörg Spieler" id="org.ucdetector.feature" version="1.5.0" > 
	<requires> 
		<import plugin="org.eclipse.ui" version="3.3.0" match="greaterOrEqual"  />
		<import plugin="org.eclipse.core.runtime" version="3.3.0" match="greaterOrEqual"  />
		<import plugin="org.eclipse.core.resources" version="3.3.0" match="greaterOrEqual"  />
		<import plugin="org.eclipse.jdt.core" version="3.3.0" match="greaterOrEqual"  />
		<import plugin="org.eclipse.jdt.ui" version="3.3.0" match="greaterOrEqual"  />
		<import plugin="org.eclipse.search" version="3.3.0" match="greaterOrEqual"  />
		<import plugin="org.eclipse.jface.text" version="3.3.0" match="greaterOrEqual"  />
		<import plugin="org.eclipse.core.filebuffers" version="3.3.0" match="greaterOrEqual"  />
		<import plugin="org.eclipse.ui.ide" version="3.3.0" match="greaterOrEqual"  />
	</requires>
	<description>
		UCDetector (Unnecessary Code Detector) finds unnecessary (dead) public java code.
	</description>
	<copyright>
		(c) Copyright Jörg Spieler 2010. All rights reserved.
	</copyright>
	<license>
		
UCDetector License


UCDetector Software User Agreement
1th March, 2008

UCDetector is licensed under the terms of the
Eclipse Public License v1.0 http://www.eclipse.org/legal/epl-v10.html
	</license>
	<plugin id="org.ucdetector" version="1.5.0" download-size="200" install-size="200" unpack="false" /> 
</feature>
</digest>
